"week","raccoon1","raccoon2","seconds"
1,2,9,119
1,2,3,18
1,2,22,630
1,3,8,12
1,3,9,52
1,3,10,114
1,3,19,446
1,3,20,8202
1,3,22,261
1,4,7,137
1,4,10,31
1,4,11,5
1,4,12,14
1,4,14,49
1,4,15,47
1,4,17,17
1,4,18,99
1,4,23,30
1,5,14,6
1,5,22,329
1,6,10,2
1,6,20,14
1,6,21,30
1,6,22,39
1,7,12,2136
1,7,10,45
1,7,11,119759
1,8,10,114
1,8,11,3
1,9,10,7
1,9,11,264
1,9,12,5
1,9,19,548
1,9,20,46
1,9,22,115
1,10,11,33
1,10,12,19
1,10,17,30
1,10,18,92
1,10,19,16
1,10,23,3
1,10,24,13
1,11,12,1201
1,11,13,9
1,11,15,34
1,11,19,26
1,12,14,14
1,15,16,27
1,15,17,211
1,15,18,13673
1,15,23,1412
1,15,24,145
1,16,21,104
1,16,24,12
1,17,18,83
1,17,21,2
1,17,23,180
1,17,24,160
1,18,23,675
1,19,20,33
1,19,22,100
1,20,22,165
1,23,24,14
2,2,9,270
2,2,3,63
2,2,19,575
2,2,22,161
2,3,8,31
2,3,9,162
2,3,19,378
2,3,20,105856
2,3,22,68
2,4,7,17
2,4,11,191
2,4,12,15
2,4,15,137
2,4,17,10
2,4,18,469
2,4,23,136
2,5,13,29
2,5,14,14
2,6,20,561
2,7,8,18
2,7,9,98
2,7,11,54558
2,7,12,3287
2,7,13,12
2,7,14,89
2,8,11,31
2,8,14,65
2,9,11,63
2,9,12,149
2,9,19,532
2,9,22,233
2,11,12,3889
2,11,13,9
2,11,15,38
2,11,16,174
2,11,23,12
2,12,14,1835
2,12,23,54
2,13,14,22
2,15,16,2
2,15,17,134
2,15,18,7349
2,15,23,754
2,17,18,48
2,17,21,24
2,17,23,25
2,17,24,37
2,18,23,508
2,19,22,1360
2,20,22,19
3,2,9,2
3,2,19,9
3,2,22,14
3,3,9,6
3,3,19,7
3,3,20,14
3,3,22,15
3,4,10,4
3,4,12,2
3,4,15,2
3,4,16,3
3,4,18,13
3,4,23,6
3,4,24,2
3,5,9,17
3,5,19,1
3,5,13,2
3,5,14,12
3,6,17,2
3,7,10,2
3,7,11,41
3,7,12,1
3,7,8,3
3,8,10,12
3,9,14,13
3,9,19,6
3,9,20,1
3,9,22,11
3,10,13,3
3,11,12,16
3,11,15,4
3,11,16,2
3,11,18,6
3,11,23,18
3,13,14,2
3,15,17,12
3,15,18,282
3,15,23,30
3,15,24,2
3,16,17,2
3,16,20,2
3,16,23,2
3,16,24,2
3,17,18,3
3,17,21,2
3,17,23,9
3,17,24,6
3,18,23,6
3,19,22,8
3,20,22,3
4,1,3,3
4,1,10,9
4,1,12,1
4,1,16,2
4,1,18,4
4,1,21,3
4,2,9,8
4,2,3,19
4,2,19,5
4,2,22,4
4,3,5,2
4,3,7,2
4,3,8,4
4,3,9,3
4,3,10,5
4,3,11,3
4,3,12,10
4,3,15,2
4,3,18,4
4,4,5,6
4,4,7,2
4,4,8,2
4,4,10,5
4,4,11,2
4,4,12,11
4,4,15,4
4,4,16,18
4,4,18,6
4,4,19,4
4,4,23,1
4,4,24,1
4,5,7,1
4,5,8,20
4,5,9,2
4,5,10,7
4,5,11,8
4,5,12,4
4,5,13,2
4,5,16,30
4,5,19,1
4,6,19,1
4,6,20,19
4,7,8,14
4,7,10,1
4,7,11,195
4,7,12,22
4,7,14,2
4,7,15,2
4,7,16,2
4,7,18,9
4,7,19,2
4,7,23,2
4,8,9,2
4,8,10,6
4,8,11,11
4,8,12,3
4,8,14,7
4,8,15,4
4,8,16,23
4,8,18,4
4,8,19,4
4,8,23,8
4,9,16,2
4,9,19,12
4,9,20,2
4,9,22,17
4,10,12,5
4,10,14,1
4,10,15,24
4,10,16,3
4,10,18,5
4,10,21,6
4,11,12,21
4,11,14,4
4,11,15,2
4,11,16,10
4,11,19,8
4,12,14,1
4,12,15,2
4,12,16,10
4,12,18,2
4,12,19,22
4,12,23,2
4,13,14,2
4,14,16,6
4,15,17,4
4,15,18,134
4,15,23,43
4,15,24,2
4,16,17,10
4,16,18,1
4,16,19,17
4,16,20,4
4,16,23,2
4,16,24,2
4,17,23,6
4,18,23,29
4,18,24,2
4,19,20,2
4,19,22,10
5,1,4,933
5,1,5,72
5,1,9,34
5,1,12,371
5,1,13,1342
5,1,18,23
5,1,19,624
5,1,21,105
5,1,22,13
5,2,17,52
5,2,20,39
5,2,16,168
5,3,19,55
5,3,20,174
5,3,15,231
5,3,7,42
5,3,16,66
5,4,5,90
5,4,6,195
5,4,7,75
5,4,8,50
5,4,11,150
5,4,13,11
5,4,15,103
5,4,19,1602
5,4,21,19
5,4,22,25
5,5,7,4
5,5,10,108
5,5,11,122
5,5,16,2
5,6,8,176486
5,6,9,188
5,6,10,27
5,6,11,2
5,6,19,15
5,7,10,51
5,7,11,287
5,7,15,6
5,8,9,10
5,8,19,41
5,8,11,51
5,9,19,608
5,9,12,196
5,10,16,5
5,12,13,2368
5,12,14,346
5,12,15,16449
5,12,19,7127
5,12,21,15
5,13,14,40
5,13,18,159
5,13,19,996
5,13,21,356
5,14,21,181
5,14,22,148
5,14,15,21
5,15,18,31
5,15,19,4652
5,15,21,64
5,15,22,2
5,16,17,121
5,16,20,16304
5,17,20,269
5,18,19,301
5,18,22,34
5,19,21,827
6,1,3,226
6,1,4,437
6,1,7,602
6,1,9,573
6,1,11,14
6,1,12,39
6,1,13,288
6,1,18,57
6,1,19,1424
6,1,21,78
6,2,17,83
6,2,3,29
6,2,20,1428
6,2,6,26
6,2,16,93
6,3,6,16
6,3,7,4
6,3,8,51
6,3,16,115
6,3,17,950
6,3,19,224
6,3,20,451
6,4,6,19
6,4,7,67
6,4,8,110
6,4,12,41
6,4,13,18
6,4,18,307
6,4,20,18
6,4,22,8
6,5,10,154
6,5,7,33
6,6,8,97855
6,6,9,1230
6,6,10,19
6,6,11,110
6,6,17,7
6,6,19,2963
6,6,20,201
6,7,8,302
6,7,10,45036
6,7,19,205
6,8,9,4649
6,8,11,233
6,8,16,13
6,8,19,7021
6,8,20,88
6,9,19,170
6,9,21,17
6,10,11,4
6,10,19,267
6,11,19,522
6,12,13,23
6,12,14,166
6,12,15,9595
6,12,18,104
6,12,19,993
6,12,21,164
6,12,22,3262
6,13,15,91
6,13,18,10
6,13,19,1060
6,13,21,579
6,13,22,62
6,14,21,7
6,14,22,1048
6,15,21,988
6,15,19,4667
6,16,17,67
6,16,20,33113
6,17,20,2307
6,18,19,474
6,18,22,1839
6,19,21,3209
6,19,22,76
7,1,2,7
7,1,3,282
7,1,4,467
7,1,5,137
7,1,6,3011
7,1,7,92
7,1,8,2245
7,1,10,11
7,1,11,477
7,1,12,1781
7,1,13,4289
7,1,15,39
7,1,17,170
7,1,18,56
7,1,19,85
7,2,6,27
7,2,8,408
7,2,10,33
7,2,11,60
7,2,16,17
7,2,17,10
7,2,20,595
7,3,6,15
7,3,8,17
7,3,10,43
7,3,16,6
7,3,17,54200
7,3,20,139
7,4,5,80
7,4,6,213
7,4,7,18
7,4,9,637
7,4,10,30
7,4,13,283
7,4,15,1778
7,4,16,22
7,4,18,6
7,5,10,44
7,5,7,292
7,5,8,22
7,6,7,321
7,6,8,212339
7,6,9,761
7,6,10,19
7,6,11,106
7,6,13,43
7,6,15,9
7,6,19,45563
7,6,21,171
7,7,8,2892
7,7,9,78
7,7,11,137
7,8,9,442
7,8,13,1145
7,8,19,2787
7,8,22,23
7,9,13,52
7,9,19,26
7,10,11,3
7,12,13,1934
7,12,14,12
7,12,15,25064
7,12,17,20
7,12,18,18
7,12,19,6215
7,12,21,361
7,13,15,143
7,13,18,73
7,13,19,102
7,13,21,110
7,14,17,90
7,14,21,2050
7,14,22,83
7,15,17,27
7,15,19,90780
7,15,21,449
7,16,20,91605
7,17,20,865
7,18,19,422
7,18,21,29
7,18,22,5
7,19,21,4326
8,1,4,207
8,1,6,1092
8,1,7,5
8,1,8,4154
8,1,9,95
8,1,11,8
8,1,13,1397
8,1,16,27
8,1,19,1330
8,2,20,382
8,2,3,96
8,2,16,185
8,2,8,63
8,3,20,3
8,3,16,36
8,4,19,10
8,4,20,5
8,4,13,3
8,5,10,10
8,5,19,25
8,5,7,36
8,6,8,278980
8,6,12,49
8,6,13,112
8,6,19,59894
8,6,21,10
8,7,10,42
8,7,11,34
8,7,19,103
8,8,9,2575
8,8,13,463
8,8,19,15460
8,8,21,220
8,9,21,55
8,9,13,5
8,12,14,246
8,12,15,40023
8,12,17,441
8,12,18,27
8,12,19,10708
8,12,21,488
8,12,22,98
8,13,18,10
8,13,19,2
8,14,15,189
8,14,17,237
8,14,18,8
8,14,19,302
8,14,21,927
8,14,22,3
8,15,17,54
8,15,19,2335
8,15,21,449
8,16,17,86
8,16,18,146
8,16,20,111107
8,17,20,41
8,18,19,16
8,18,22,2
8,19,21,9108
8,19,22,5
9,1,3,6
9,1,4,236
9,1,5,102
9,1,6,85
9,1,8,2735
9,1,9,210
9,1,12,7
9,1,15,14
9,1,19,808
9,1,21,28
9,2,20,1192
9,2,16,879
9,3,4,23
9,3,6,12
9,3,7,43
9,3,16,284
9,3,20,1160
9,4,8,1087
9,4,15,41
9,4,19,27
9,4,21,4
9,4,22,19
9,5,10,5
9,5,7,45
9,6,8,221146
9,6,15,28
9,6,19,13844
9,6,21,26
9,7,10,97
9,7,8,85
9,8,9,404
9,8,15,448
9,8,16,113
9,8,19,12344
9,8,22,3
9,9,19,423
9,9,21,36
9,12,13,18
9,12,14,2176
9,12,15,28177
9,12,17,198
9,12,19,9375
9,12,21,8198
9,12,22,126
9,13,16,252
9,14,15,301
9,14,17,518
9,14,19,405
9,14,21,262
9,14,22,294
9,15,19,83067
9,15,21,369
9,15,22,47
9,16,20,29308
9,17,19,247
9,17,22,1022
9,18,19,73
9,19,21,1775
9,19,22,42
9,21,22,119
10,1,3,4
10,1,6,76
10,1,9,245
10,1,12,298
10,1,13,23
10,1,14,56
10,1,15,3
10,1,17,301
10,2,18,141
10,2,11,3
10,2,8,313
10,3,18,183
10,4,17,1122
10,4,19,57
10,4,12,79
10,4,14,185
10,5,10,2
10,5,7,57
10,6,8,19420
10,6,12,72
10,6,14,66
10,6,17,3538
10,6,19,33
10,7,10,21
10,7,11,18
10,7,15,26
10,8,9,1495
10,8,11,85
10,8,12,451
10,8,14,412
10,8,17,505
10,8,19,90
10,9,12,401
10,9,13,87
10,9,14,2
10,9,17,47
10,9,19,8
10,10,11,141
10,12,14,16101
10,12,16,56
10,12,17,3859
10,12,19,745
10,13,19,122
10,13,16,727
10,14,17,5858
10,14,19,784
10,15,18,6763
10,15,16,20
10,16,17,39
10,17,19,959
11,1,4,591
11,1,5,23
11,1,6,289
11,1,9,12
11,1,12,24
11,1,13,2
11,1,14,101
11,1,17,141
11,1,19,10
11,2,18,98
11,2,3,22
11,2,5,107
11,2,15,26
11,3,7,94
11,3,8,122
11,3,14,18
11,3,15,112
11,3,18,831
11,4,6,15
11,4,14,18
11,5,6,8
11,5,7,506
11,5,10,905
11,5,11,32
11,6,8,173429
11,6,14,45
11,6,17,1023
11,6,19,169
11,7,10,147
11,7,11,3
11,8,9,10
11,8,17,64
11,8,14,36
11,9,17,66
11,9,12,792
11,10,15,2
11,12,19,1769
11,12,14,1164
11,12,17,6405
11,13,19,10
11,13,16,729
11,14,17,58917
11,14,19,213
11,15,18,6569
11,16,18,3
11,17,19,179
12,1,4,451
12,1,6,251
12,1,8,458
12,1,9,153
12,1,12,5
12,1,14,44
12,1,17,597
12,1,19,67
12,2,18,251
12,2,3,15
12,2,15,22
12,3,18,77752
12,3,10,10
12,4,6,7
12,4,8,414
12,4,9,6
12,4,14,280
12,4,17,738
12,4,19,4
12,5,10,45
12,5,11,660
12,5,6,4
12,6,7,81
12,6,8,31452
12,6,12,51
12,6,14,1249
12,6,17,9802
12,6,19,275
12,7,9,60
12,7,8,340
12,8,9,933
12,8,10,240
12,8,17,1696
12,9,14,410
12,9,17,226
12,9,19,6
12,10,11,11
12,12,13,146
12,12,14,726
12,12,16,205
12,12,17,638
12,12,19,904
12,13,17,81
12,13,19,43
12,13,16,880
12,14,17,763
12,15,18,5711
12,17,19,2402
13,1,4,280
13,1,6,49
13,1,8,347
13,1,9,110
13,1,13,79
13,1,14,89
13,1,17,1330
13,2,18,573
13,2,3,2352
13,2,15,51
13,3,15,31
13,3,7,1877
13,3,18,155
13,4,5,119
13,4,6,745
13,4,8,467
13,4,9,358
13,4,10,63
13,4,11,66
13,4,12,249
13,4,14,962
13,4,17,3331
13,4,19,847
13,5,10,236
13,5,11,351
13,6,7,29
13,6,8,58693
13,6,9,334
13,6,12,66
13,6,14,1739
13,6,15,183
13,6,17,47529
13,6,19,157
13,7,17,563
13,7,14,6
13,7,8,150
13,8,12,33
13,8,17,195
13,9,11,17
13,9,14,16
13,9,16,15
13,9,17,231
13,9,19,684
13,12,13,21
13,12,14,1039
13,12,16,62
13,12,17,1411
13,12,19,110
13,13,17,33
13,13,16,46
13,14,16,54
13,14,17,7010
13,14,19,1061
13,15,18,4432
13,16,17,79
13,16,19,6
13,17,19,451
14,1,4,899
14,1,5,90
14,1,6,65
14,1,7,561
14,1,8,284
14,1,9,334
14,1,11,127
14,1,12,243
14,1,14,134
14,1,16,803
14,1,17,163
14,1,18,31
14,2,17,553
14,2,3,3449
14,2,15,180
14,3,17,96
14,3,15,182
14,4,6,733
14,4,7,53
14,4,8,662
14,4,9,32
14,4,12,70
14,4,14,1897
14,4,16,1429
14,4,18,409
14,5,10,6205
14,5,11,2142
14,5,15,2
14,5,8,229
14,6,7,6
14,6,8,8357
14,6,9,316
14,6,11,93
14,6,12,222
14,6,14,4413
14,6,16,142503
14,6,18,240
14,7,10,284
14,7,11,697
14,8,9,19
14,8,10,219
14,8,11,321
14,8,16,2034
14,9,12,111
14,9,14,14
14,9,16,3130
14,9,18,282
14,10,11,2130
14,12,14,780
14,12,16,2637
14,12,18,2070
14,13,18,34
14,13,14,24
14,13,16,162
14,14,15,111
14,14,16,9591
14,14,18,453
14,15,17,81937
14,16,18,1609
15,1,5,59
15,1,7,2005
15,1,9,581
15,1,10,181
15,1,11,241
15,1,12,631
15,1,14,54
15,1,15,2
15,1,16,249
15,1,17,139
15,2,17,282
15,2,3,2047
15,2,15,21
15,3,17,73649
15,3,15,220
15,3,7,30
15,4,9,31
15,4,6,17
15,4,15,260
15,4,8,197
15,5,10,372
15,5,14,94
15,6,7,99
15,6,8,66678
15,6,9,73
15,6,11,23
15,6,12,187
15,6,14,8993
15,6,16,180091
15,6,18,115
15,7,16,459
15,7,8,465
15,8,9,22
15,8,14,101
15,8,16,28
15,9,10,1329
15,9,12,50
15,9,16,64
15,10,15,12
15,11,16,114
15,12,13,613
15,12,14,816
15,12,16,10453
15,12,18,1329
15,13,16,973
15,14,16,321495
15,14,18,1183
15,15,17,156356
15,16,18,3603
16,1,2,22
16,1,4,53
16,1,8,95
16,1,9,104
16,1,10,362
16,1,12,1062
16,1,14,2981
16,1,16,2720
16,2,17,69094
16,2,3,41651
16,2,15,1143
16,3,17,8190
16,3,4,14
16,3,15,54
16,4,6,83
16,4,7,28
16,4,8,226
16,4,9,259
16,4,14,4
16,5,11,371
16,6,8,86827
16,6,9,8
16,6,12,45
16,6,14,7551
16,6,16,93330
16,7,17,35
16,7,11,421
16,7,8,395
16,8,9,117
16,8,11,161
16,8,14,32
16,8,16,977
16,9,12,2011
16,9,14,74
16,9,16,876
16,10,11,22
16,12,14,6224
16,12,16,17206
16,12,18,136
16,14,16,170055
16,15,17,150376
16,16,18,140
17,1,9,513
17,1,15,9
17,2,17,43
17,2,15,209
17,3,4,146
17,3,15,17790
17,4,6,65
17,4,7,75229
17,4,8,869
17,4,9,173
17,4,12,367
17,4,14,1317
17,4,16,180
17,6,9,58
17,6,16,85865
17,6,14,382
17,6,8,129536
17,7,8,1445
17,8,9,515
17,8,11,40
17,8,16,203
17,9,12,10
17,9,14,496
17,9,16,12
17,10,11,1088
17,12,14,2263
17,12,16,4089
17,14,16,242535
17,15,17,164928
17,16,18,45
18,1,9,126
18,1,17,189
18,1,14,120
18,1,6,33
18,1,8,368
18,2,18,2286
18,2,3,1328
18,2,16,21
18,3,18,959
18,3,16,11
18,4,9,68
18,6,9,128
18,6,14,1086
18,6,17,277764
18,6,8,169151
18,8,9,47
18,8,17,1382
18,9,12,31
18,9,14,439
18,9,17,1727
18,12,17,3190
18,12,14,16688
18,13,15,54
18,14,17,61418
18,16,18,4773
18,17,19,38
19,1,3,991
19,1,6,86
19,1,7,106
19,1,8,199
19,1,15,105
19,1,17,112
19,2,18,176369
19,2,16,13
19,3,18,323
19,3,6,3
19,3,16,50
19,5,11,5
19,6,7,52
19,6,8,156373
19,6,12,10
19,6,14,1047
19,6,17,230308
19,7,17,557
19,7,8,671
19,8,9,203
19,8,15,52
19,8,16,2
19,8,17,3998
19,9,17,12
19,9,12,6
19,9,14,24
19,10,11,22
19,10,15,40
19,12,17,1484
19,12,19,72
19,12,14,106096
19,14,17,357401
19,14,19,21
19,16,18,5117
19,17,19,3
20,1,3,991
20,1,6,86
20,1,7,106
20,1,8,199
20,1,15,105
20,1,17,112
20,2,18,176369
20,2,16,13
20,3,18,323
20,3,6,3
20,3,16,50
20,5,11,5
20,6,7,52
20,6,8,156373
20,6,12,10
20,6,14,1047
20,6,17,230308
20,7,17,557
20,7,8,671
20,8,9,203
20,8,15,52
20,8,16,2
20,8,17,3998
20,9,17,12
20,9,12,6
20,9,14,24
20,10,11,22
20,10,15,40
20,12,17,1484
20,12,19,72
20,12,14,106096
20,14,17,357401
20,14,19,21
20,16,18,5117
20,17,19,3
21,2,18,5804
21,2,3,1110
21,3,18,5236
21,3,16,4
21,4,6,54
21,5,10,62
21,6,7,10211
21,6,8,133529
21,6,11,94
21,6,17,329050
21,6,18,8
21,7,8,6486
21,8,17,791
21,8,18,47
21,9,14,97
21,12,17,11338
21,12,19,162
21,12,14,4328
21,13,15,235
21,14,17,336157
21,16,18,135793
21,17,19,63
22,1,12,62
22,2,18,241696
22,2,16,116346
22,4,6,73363
22,4,7,151
22,4,9,13
22,4,12,542
22,4,14,769
22,4,17,746
22,4,19,62
22,5,10,391
22,6,7,36017
22,6,8,173525
22,6,11,46
22,6,12,4
22,6,14,2178
22,6,17,322769
22,7,17,85
22,7,18,78
22,7,8,29371
22,8,9,16
22,8,11,176
22,8,19,23
22,9,17,1218
22,9,14,17
22,10,11,49
22,12,14,519810
22,12,17,33375
22,12,19,11
22,14,17,41735
22,14,19,71
22,16,18,338878
22,17,19,205
23,1,12,218
23,1,4,153
23,1,6,12
23,1,15,242
23,1,8,211
23,2,3,156
23,2,16,2005
23,3,16,3944
23,4,6,72676
23,4,8,621
23,4,12,1022
23,4,14,90
23,4,15,77473
23,4,16,1477
23,6,7,26648
23,6,8,45538
23,6,12,57
23,6,14,2588
23,6,15,54943
23,7,14,16
23,7,15,253
23,7,8,104247
23,8,9,79
23,8,15,563
23,9,12,79
23,9,15,489
23,12,13,12
23,12,14,108783
23,12,15,2730
23,12,17,273
23,13,15,55
23,14,15,155887
24,1,4,3351
24,1,6,13
24,1,8,75
24,1,11,62
24,1,13,663
24,1,14,292
24,1,16,521
24,2,3,1426
24,2,4,243
24,2,15,100381
24,3,15,22021
24,4,6,2113
24,4,8,51
24,4,11,1392
24,4,13,78820
24,4,14,577627
24,4,15,233
24,4,16,3372
24,6,8,2342
24,6,11,136
24,6,13,4274
24,6,14,3654
24,7,11,74
24,7,13,117
24,7,8,944
24,8,13,9
24,8,14,183
24,9,11,3
24,9,13,144
24,9,14,398
24,9,16,305
24,11,12,184
24,11,13,227902
24,11,14,16837
24,11,15,4
24,11,16,670
24,12,14,276
24,12,16,96
24,13,14,249203
24,13,16,159
24,14,16,652
25,1,12,7017
25,1,11,1462
25,1,4,263
25,1,14,141
25,1,8,118
25,3,15,358074
25,4,6,523
25,4,11,3606
25,4,12,17
25,4,13,367
25,4,14,604800
25,4,16,5215
25,5,10,354
25,6,7,523
25,6,8,737
25,6,9,46
25,6,11,214
25,6,12,2
25,6,13,1374
25,6,14,3678
25,6,16,202
25,7,10,49
25,7,11,272
25,7,13,4545
25,7,14,684
25,9,11,621
25,9,12,82
25,9,13,164
25,9,14,59
25,11,12,33
25,11,13,172224
25,11,14,4394
25,11,16,674
25,13,14,1655
25,13,16,335
25,14,16,14190
26,1,4,271
26,1,7,241
26,1,8,85
26,1,11,804
26,1,13,2671
26,1,14,1807
26,1,16,42
26,2,3,171
26,2,15,2533
26,3,15,23696
26,4,6,560
26,4,11,219
26,4,12,694
26,4,13,418977
26,4,14,598254
26,4,16,46
26,5,10,409
26,5,7,2232
26,6,7,226
26,6,8,899
26,6,9,451
26,6,11,42
26,6,12,6
26,6,14,2634
26,6,16,525
26,7,10,64
26,7,14,897
26,9,11,27
26,9,12,5
26,9,13,108
26,9,14,76
26,10,14,601
26,11,12,154
26,11,13,192921
26,11,14,28177
26,11,16,12035
26,12,13,10
26,12,14,427
26,13,14,426218
26,13,16,133
26,14,15,81
26,14,16,1164
27,1,11,382
27,1,4,113
27,1,13,748
27,1,15,107
27,2,14,18
27,3,14,95125
27,4,11,2388
27,4,12,27
27,4,13,142728
27,4,6,269399
27,5,10,369
27,6,7,266
27,6,9,252
27,6,11,3088
27,6,13,3392
27,6,15,1087
27,7,10,867
27,7,13,92
27,9,11,15
27,9,12,122172
27,9,13,118
27,9,15,857
27,11,12,25
27,11,13,8604
27,11,15,108
27,12,13,71
27,13,15,63993
28,1,9,138
28,1,11,83
28,1,12,113
28,1,7,948
28,2,14,99
28,3,14,4
28,4,11,2256
28,4,12,4
28,4,13,468
28,4,6,242429
28,4,15,64
28,5,10,229
28,6,8,705
28,6,11,333
28,6,12,7
28,6,13,299602
28,6,15,168
28,7,10,149989
28,9,11,658
28,9,12,513607
28,9,13,48
28,11,12,361
28,11,13,132509
28,11,15,195
28,12,13,12781
28,12,15,10
28,13,15,1038
29,1,11,73
29,1,13,48
29,1,15,68
29,2,14,1271
29,3,14,3
29,4,11,4318
29,4,12,620
29,4,13,534
29,4,6,46899
29,6,8,874
29,6,11,3427
29,6,12,194
29,6,13,144528
29,6,15,7
29,7,10,374802
29,11,12,587518
29,11,13,52605
29,11,15,30
29,12,13,96
29,12,15,77
29,13,15,76
30,1,11,616
30,1,15,1912
30,4,11,271724
30,4,12,364321
30,4,13,1587
30,4,6,1008
30,6,9,135
30,6,12,179
30,6,11,1271
30,6,15,102
30,9,11,627
30,9,13,1143
30,9,15,723
30,11,12,604800
30,11,13,4912
30,11,15,372
30,12,13,558
30,12,15,58
30,13,15,451
31,1,4,228
31,1,6,33033
31,1,8,38
31,1,9,22
31,1,11,127534
31,1,12,102
31,1,13,172
31,4,11,91156
31,4,12,510556
31,4,13,8012
31,4,6,76476
31,6,7,65
31,6,8,6
31,6,9,256
31,6,10,26
31,6,11,600
31,6,12,53648
31,6,13,1554
31,9,11,6556
31,9,13,387
31,11,12,909
31,11,13,1812
31,12,13,198092
32,1,4,33
32,1,6,99327
32,1,8,895
32,1,9,226
32,1,11,149822
32,1,13,12203
32,2,3,75695
32,2,8,693
32,4,11,9632
32,4,12,27
32,4,13,17055
32,4,6,12846
32,5,8,561
32,6,7,1078
32,6,9,11854
32,6,10,24
32,6,11,6132
32,6,13,2014
32,7,10,180034
32,7,8,3162
32,8,10,2065
32,9,11,72616
32,9,12,8791
32,9,13,8294
32,11,12,257631
32,11,13,1751
32,12,13,16918
33,1,4,25
33,1,6,36871
33,1,8,1550
33,1,11,10359
33,1,12,1403
33,1,13,9153
33,2,3,55034
33,2,8,110315
33,3,4,35
33,3,6,181
33,3,8,5212
33,4,6,167
33,4,8,992
33,4,9,61
33,4,11,68
33,4,12,189
33,4,13,41
33,5,10,16
33,5,6,22
33,6,7,41760
33,6,8,559
33,6,9,10130
33,6,10,2131
33,6,11,3669
33,6,12,63275
33,6,13,556
33,7,10,35
33,7,11,1546
33,7,12,15
33,7,8,9168
33,8,10,120
33,8,11,28
33,8,12,857
33,9,12,8
33,9,11,46975
33,9,13,115083
33,11,12,45457
33,11,13,1692
33,12,13,2424
34,1,11,5
34,1,12,165
34,1,13,137088
34,2,3,27154
34,2,8,14389
34,3,8,164724
34,4,11,5028
34,4,13,62
34,4,6,18926
34,4,8,1373
34,5,10,161
34,5,11,32
34,5,7,92
34,6,7,3
34,6,9,25
34,6,10,3733
34,6,11,246
34,6,12,349341
34,7,10,108
34,7,11,1446
34,8,12,168
34,8,10,11393
34,9,11,6216
34,9,13,67770
34,11,12,1985
34,11,13,1964
35,1,9,273168
35,1,17,125
35,1,13,77075
35,1,15,63
35,2,3,233868
35,2,14,352976
35,2,15,96256
35,2,8,38
35,3,8,67206
35,4,13,47220
35,4,8,69
35,5,10,16
35,5,7,248
35,7,10,134537
35,8,10,33
35,8,12,119
35,8,14,25194
35,8,15,115
35,9,12,99669
35,9,13,11659
35,12,17,100156
35,12,13,65338
35,13,17,785
36,1,12,355327
36,1,4,11
36,1,13,878
36,1,14,8
36,2,3,52928
36,2,14,86770
36,2,15,61465
36,2,8,181756
36,3,4,177
36,3,8,26201
36,4,9,88
36,4,12,549
36,4,13,49
36,5,13,3
36,5,7,149
36,7,9,76
36,7,10,51592
36,7,12,811
36,7,13,38
36,8,12,79
36,8,14,62027
36,8,15,44
36,9,13,37
36,12,13,30
36,13,17,37
37,1,8,26
37,1,9,8
37,1,12,78
37,1,13,2992
37,1,14,70
37,1,15,86
37,2,8,177387
37,3,8,35082
37,4,13,333
37,5,10,289
37,5,7,180
37,7,10,604800
37,8,14,40375
37,8,15,1676
37,9,12,66
37,10,13,11
37,12,13,84
37,12,17,291
38,1,12,56842
38,1,13,178
38,1,14,84
38,1,8,6
38,2,15,27
38,2,8,8993
38,3,4,46
38,3,15,1716
38,3,8,171
38,4,12,4
38,4,13,595
38,4,8,8
38,5,10,2
38,8,14,11321
38,8,15,245
38,12,13,60
38,13,17,3
39,1,4,137
39,1,15,497
39,1,8,203
39,2,3,10
39,2,14,78
39,2,15,202
39,2,8,207
39,3,13,35963
39,3,8,190
39,4,9,10
39,4,13,34
39,4,17,301
39,5,10,584
39,7,13,15
39,8,14,5397
39,8,15,196
39,8,16,15644
39,12,17,38
39,14,16,3256
39,14,15,10393
39,15,16,249999
40,1,8,15670
40,2,18,767
40,2,12,107
40,2,5,118
40,2,8,26
40,3,17,778
40,3,13,26
40,3,14,6
40,3,7,712
40,3,16,673
40,4,17,22
40,4,10,8
40,4,15,8
40,4,7,810
40,4,16,4
40,5,7,200
40,5,8,12
40,5,10,60
40,5,12,589
40,5,17,2403
40,5,18,135
40,6,8,382
40,7,13,17164
40,7,14,1174
40,7,15,910
40,7,16,2285
40,7,17,16873
40,8,12,277
40,10,12,106
40,10,17,239
40,13,17,23392
40,13,14,11
40,13,16,3623
40,14,17,3
40,16,17,509880
41,1,18,11
41,1,8,92
41,2,5,387
41,2,8,35
41,2,10,12
41,2,12,20
41,2,16,635
41,2,18,346
41,3,17,251
41,3,4,134
41,3,14,41
41,3,16,241
41,4,7,104
41,4,13,80
41,4,14,15
41,4,16,238
41,4,17,150
41,5,7,8179
41,5,8,61
41,5,12,116419
41,5,13,1447
41,5,14,42
41,5,16,22905
41,5,17,21294
41,5,18,13489
41,6,18,29
41,7,9,70
41,7,13,52332
41,7,14,1296
41,7,15,310
41,7,16,1130
41,7,17,348675
41,10,17,277
41,10,12,13
41,10,13,254
41,10,18,23
41,11,18,34
41,12,18,1268
41,13,14,227
41,13,15,70
41,13,16,30639
41,13,17,61503
41,14,15,9
41,14,16,156
41,14,17,955
41,15,16,2254
41,16,17,200051
42,1,2,330
42,1,18,25
42,2,5,17
42,3,17,28864
42,3,4,2697
42,3,13,110
42,3,14,1411
42,3,7,10226
42,4,7,282
42,4,13,283
42,4,14,191
42,4,16,15
42,4,17,246
42,5,8,41
42,5,10,105
42,5,11,58
42,5,12,819
42,5,18,738
42,6,12,494
42,7,13,15828
42,7,14,2162
42,7,15,219
42,7,16,733
42,7,17,417146
42,8,18,15
42,8,12,1378
42,10,17,23
42,10,12,143
42,12,18,260
42,13,14,8499
42,13,16,8816
42,13,17,134882
42,14,17,1056
42,15,17,3
42,15,16,197
43,1,5,38
43,2,9,24
43,2,10,2
43,2,12,43
43,2,13,81
43,2,8,83
43,3,17,1929
43,3,4,197
43,3,13,193
43,3,14,10
43,4,7,19
43,4,9,28
43,4,13,112
43,4,14,140
43,4,17,603
43,5,10,40
43,5,12,425
43,5,18,89
43,5,8,64
43,7,17,412338
43,7,13,113997
43,7,14,177
43,7,15,295
43,8,12,400
43,12,16,4
43,12,18,701
43,13,14,606
43,13,16,5027
43,13,17,464476
44,1,2,46
44,1,3,239
44,1,4,41
44,1,7,8
44,1,10,409
44,1,16,3
44,1,17,526
44,2,3,359
44,2,11,1232
44,2,12,13
44,2,15,9
44,2,16,2367
44,3,11,2420
44,3,12,6
44,3,16,539
44,3,17,244
44,4,5,2
44,4,7,89
44,4,10,1092
44,4,11,63
44,4,16,19
44,4,17,108
44,5,7,42
44,7,10,62
44,10,11,4
44,10,16,3
44,10,17,35840
44,11,12,830
44,11,15,2251
44,11,16,361620
44,12,16,128
45,1,2,10
45,1,3,21
45,1,4,2142
45,1,8,164
45,1,10,407
45,1,17,151
45,2,3,355
45,2,10,3
45,2,11,426
45,2,12,12
45,2,16,1178
45,3,11,128
45,3,12,75
45,3,16,352
45,4,10,83
45,4,17,168
45,4,8,11
45,5,7,11
45,7,10,61
45,8,16,54
45,10,17,33008
45,11,12,324
45,11,15,56
45,11,16,260180
45,12,16,241
46,1,3,115
46,1,4,916
46,1,7,271
46,1,8,34
46,1,10,599
46,1,11,56
46,1,17,268
46,2,3,1563
46,2,12,4
46,2,11,6520
46,2,16,899
46,3,6,624
46,3,11,589
46,3,12,6
46,3,16,207
46,4,10,520
46,4,17,375
46,4,16,24
46,7,10,37
46,8,10,6
46,10,17,459
46,11,12,42
46,11,16,155841
47,1,9,10
47,1,17,52
47,1,14,305
47,1,7,25
47,1,8,27
47,2,16,368
47,2,3,142
47,2,11,1368
47,2,6,22
47,2,14,725
47,3,11,158
47,3,12,132
47,3,6,435
47,3,16,151
47,5,12,2746
47,5,7,8
47,6,12,8
47,7,14,298
47,8,12,26
47,9,17,38
47,11,16,90255
47,12,14,667
47,12,16,49
47,14,17,1200
48,1,12,3
48,1,13,2476
48,1,16,62
48,2,10,1196
48,2,3,10
48,2,5,168
48,2,15,32
48,3,5,92
48,3,6,258
48,3,7,299
48,3,10,40
48,3,15,34
48,5,13,1810
48,5,7,51
48,6,7,3053
48,6,8,24
48,7,11,8
48,10,12,12
48,10,11,14
48,10,15,99774
48,11,14,12
48,12,16,33
48,13,16,437
49,1,13,449
49,1,12,18
49,1,5,2061
49,1,16,5
49,2,10,1037
49,2,3,365
49,2,5,11
49,2,11,953
49,2,15,182
49,3,11,229
49,3,15,104
49,3,10,36
49,5,13,107857
49,5,16,422
49,10,12,2
49,10,11,618
49,10,15,30444
49,11,12,71
49,11,14,43
49,11,15,195
49,12,13,166
49,13,16,58
50,1,12,6
50,1,13,156
50,1,4,463
50,1,5,137
50,2,10,3337
50,2,3,248
50,2,11,811
50,2,15,861
50,3,6,6
50,3,7,29
50,3,10,986
50,3,11,1379
50,3,12,7
50,3,14,7
50,3,15,389
50,4,13,1809
50,4,5,2696
50,4,6,90
50,4,7,45
50,5,13,16103
50,5,6,125
50,5,16,153
50,6,13,321
50,6,8,45
50,9,13,1330
50,10,11,600
50,10,15,12752
50,10,14,65
50,11,14,22
50,11,15,3
50,12,13,9
50,13,16,48
50,14,15,181
51,1,9,58
51,1,12,26
51,1,13,142
51,1,16,50
51,2,3,279
51,2,4,76
51,2,6,173
51,2,10,841
51,2,11,395
51,2,15,990
51,3,6,459
51,3,8,7
51,3,10,1038
51,3,11,395
51,3,15,261
51,4,5,713
51,4,6,1232
51,4,9,704
51,4,13,1007
51,4,16,181
51,5,9,18587
51,5,13,41252
51,5,6,173
51,6,8,74
51,6,13,46
51,8,15,19
51,9,13,12029
51,10,11,532
51,10,15,31273
51,10,14,11
51,11,14,189
51,11,15,1304
51,12,13,218
51,12,16,239
52,1,9,20
52,1,5,15
52,2,10,13
52,2,3,1306
52,2,4,183
52,2,6,189
52,2,15,829
52,3,4,15
52,3,5,105
52,3,6,298
52,3,10,139
52,3,15,399
52,4,5,4061
52,4,6,50
52,4,8,13
52,4,9,2867
52,4,15,400
52,5,6,4245
52,5,9,12096
52,5,13,16075
52,5,16,76
52,6,10,13
52,6,12,26
52,7,10,96
52,9,13,14147
52,9,16,31
52,10,11,54
52,10,14,2210
52,10,15,31680
52,11,15,426
52,12,16,101
52,14,15,67
